Years Elapsed,Cumulative Out-Migrants,Instant Out-Migrants,Average Out-Migrants,Total Re-Migrants,Instant Re-Migrants,Average Re-Migrants,Total Marriages,Total Births,Total Deaths,Average Laborers,Average Household Size,Average Income,Population,GTGP Parcels Per Household,Non-GTGP Parcels Per Household
0,103,86,0.9148936170212766,15,15,0.1595744680851064,2.0,0,2,1.627659574468085,3.0425531914893615,20962.316731939805,190,0.010638297872340425,2.5
1,113,84,0.8936170212765957,27,25,0.26595744680851063,2.0,0,4,1.648936170212766,3.0425531914893615,20641.515152665925,190,1.3617021276595744,1.148936170212766
2,124,85,0.9042553191489362,37,28,0.2978723404255319,4.0,0,5,1.6702127659574468,3.021276595744681,21075.825278882246,188,1.7127659574468086,0.7978723404255319
3,131,85,0.9042553191489362,44,29,0.30851063829787234,5.0,18,6,1.6808510638297873,3.202127659574468,21094.22569025072,205,1.8829787234042554,0.6276595744680851
4,138,83,0.8829787234042553,53,31,0.32978723404255317,10.0,22,9,1.702127659574468,3.234042553191489,21350.25066103424,208,1.9893617021276595,0.5212765957446809
5,154,85,0.9042553191489362,67,34,0.3617021276595745,13.0,23,15,1.702127659574468,3.1595744680851063,21188.92587168593,201,2.021276595744681,0.48936170212765956
6,163,82,0.8723404255319149,79,40,0.425531914893617,15.0,26,21,1.7234042553191489,3.1595744680851063,20418.575561835445,201,2.0425531914893615,0.46808510638297873
7,175,83,0.8829787234042553,90,41,0.43617021276595747,15.0,27,25,1.702127659574468,3.117021276595745,20650.90194845071,197,2.0851063829787235,0.425531914893617
8,182,81,0.8617021276595744,99,45,0.4787234042553192,19.0,31,28,1.7127659574468086,3.148936170212766,20176.06310575484,200,2.106382978723404,0.40425531914893614
9,197,82,0.8723404255319149,113,45,0.4787234042553192,21.0,33,28,1.702127659574468,3.1595744680851063,19897.374316949543,201,2.1595744680851063,0.35106382978723405
10,208,84,0.8936170212765957,122,43,0.4574468085106383,22.0,37,30,1.7127659574468086,3.1595744680851063,20014.24290651934,201,2.202127659574468,0.30851063829787234
11,216,84,0.8936170212765957,130,46,0.48936170212765956,27.0,39,33,1.7127659574468086,3.148936170212766,20242.018181156993,200,2.2127659574468086,0.2978723404255319
12,224,82,0.8723404255319149,140,50,0.5319148936170213,27.0,42,36,1.7127659574468086,3.1702127659574466,20082.008333610058,202,2.2127659574468086,0.2978723404255319
13,244,83,0.8829787234042553,159,51,0.5425531914893617,29.0,46,39,1.7234042553191489,3.1702127659574466,20506.585736701425,202,2.25531914893617,0.2553191489361702
14,259,84,0.8936170212765957,173,52,0.5531914893617021,29.0,52,41,1.7446808510638299,3.202127659574468,20527.668561787308,205,2.265957446808511,0.24468085106382978
15,272,82,0.8723404255319149,188,54,0.574468085106383,30.0,60,42,1.7553191489361701,3.297872340425532,20190.28799554941,214,2.276595744680851,0.23404255319148937
16,281,83,0.8829787234042553,196,53,0.5638297872340425,31.0,63,43,1.7659574468085106,3.3085106382978724,20618.777870765745,215,2.276595744680851,0.23404255319148937
17,294,80,0.851063829787234,212,57,0.6063829787234043,32.0,70,46,1.797872340425532,3.382978723404255,19954.417428622142,222,2.2872340425531914,0.22340425531914893
18,304,84,0.8936170212765957,218,54,0.574468085106383,32.0,74,47,1.7553191489361701,3.372340425531915,19816.28360278431,221,2.297872340425532,0.2127659574468085
19,308,81,0.8617021276595744,225,56,0.5957446808510638,32.0,81,50,1.7872340425531914,3.4468085106382977,19816.28360278431,228,2.297872340425532,0.2127659574468085
20,325,81,0.8617021276595744,242,58,0.6170212765957447,34.0,84,53,1.797872340425532,3.4468085106382977,19857.89821481788,228,2.297872340425532,0.2127659574468085
21,347,85,0.9042553191489362,260,56,0.5957446808510638,34.0,90,55,1.7553191489361701,3.4468085106382977,20150.33807327312,228,2.3085106382978724,0.20212765957446807
22,350,84,0.8936170212765957,264,57,0.6063829787234043,34.0,97,55,1.7553191489361701,3.5319148936170213,20327.53043553062,236,2.3085106382978724,0.20212765957446807
23,360,83,0.8829787234042553,275,59,0.6276595744680851,34.0,103,56,1.7872340425531914,3.595744680851064,20010.845883321377,242,2.3191489361702127,0.19148936170212766
24,373,82,0.8723404255319149,289,61,0.648936170212766,41.0,112,60,1.7659574468085106,3.6595744680851063,20231.08830733845,248,2.3191489361702127,0.19148936170212766
25,386,82,0.8723404255319149,302,65,0.6914893617021277,42.0,119,64,1.7765957446808511,3.6914893617021276,20036.526026801384,251,2.3191489361702127,0.19148936170212766
26,399,83,0.8829787234042553,314,64,0.6808510638297872,42.0,124,64,1.7659574468085106,3.734042553191489,20036.526026801384,255,2.3191489361702127,0.19148936170212766
27,415,84,0.8936170212765957,329,66,0.7021276595744681,43.0,127,66,1.7659574468085106,3.734042553191489,20044.231122326793,255,2.3191489361702127,0.19148936170212766
28,422,80,0.851063829787234,340,70,0.7446808510638298,43.0,132,69,1.8191489361702127,3.797872340425532,19942.63871477679,261,2.3297872340425534,0.18085106382978725
29,436,84,0.8936170212765957,350,67,0.7127659574468085,46.0,137,71,1.7659574468085106,3.7872340425531914,20643.94138107654,260,2.3297872340425534,0.18085106382978725
30,457,81,0.8617021276595744,374,74,0.7872340425531915,47.0,141,77,1.8085106382978724,3.797872340425532,20016.112076139027,261,2.3297872340425534,0.18085106382978725
31,474,83,0.8829787234042553,389,72,0.7659574468085106,48.0,146,78,1.797872340425532,3.8191489361702127,20570.62353541905,263,2.3297872340425534,0.18085106382978725
32,490,81,0.8617021276595744,407,77,0.8191489361702128,48.0,154,81,1.8191489361702127,3.893617021276596,20302.9462844432,270,2.3297872340425534,0.18085106382978725
33,505,84,0.8936170212765957,419,75,0.7978723404255319,50.0,167,82,1.797872340425532,3.9893617021276597,20693.616214664897,279,2.3297872340425534,0.18085106382978725
34,516,83,0.8829787234042553,431,77,0.8191489361702128,54.0,172,84,1.8191489361702127,4.031914893617022,20235.621063786253,283,2.3297872340425534,0.18085106382978725
35,528,83,0.8829787234042553,443,77,0.8191489361702128,54.0,179,87,1.797872340425532,4.074468085106383,20716.291423552284,287,2.3297872340425534,0.18085106382978725
36,542,84,0.8936170212765957,456,77,0.8191489361702128,58.0,184,92,1.8191489361702127,4.0638297872340425,20436.255478127943,286,2.3297872340425534,0.18085106382978725
37,552,84,0.8936170212765957,466,78,0.8297872340425532,59.0,190,97,1.8085106382978724,4.074468085106383,20243.485620845266,287,2.3297872340425534,0.18085106382978725
38,566,83,0.8829787234042553,481,81,0.8617021276595744,59.0,198,101,1.8191489361702127,4.127659574468085,20321.442294981778,292,2.3297872340425534,0.18085106382978725
39,584,85,0.9042553191489362,497,86,0.9148936170212766,61.0,203,109,1.8085106382978724,4.074468085106383,20052.96047291785,287,2.3297872340425534,0.18085106382978725
40,587,83,0.8829787234042553,502,87,0.925531914893617,63.0,211,111,1.8191489361702127,4.159574468085107,19979.677562567304,295,2.3297872340425534,0.18085106382978725
41,599,84,0.8936170212765957,513,90,0.9574468085106383,63.0,218,115,1.797872340425532,4.180851063829787,20033.86920386862,297,2.3404255319148937,0.1702127659574468
42,606,84,0.8936170212765957,520,90,0.9574468085106383,66.0,223,116,1.8191489361702127,4.223404255319149,20425.55996346193,301,2.3404255319148937,0.1702127659574468
43,613,84,0.8936170212765957,527,92,0.9787234042553191,70.0,233,118,1.8191489361702127,4.308510638297872,20365.328603616148,309,2.3404255319148937,0.1702127659574468
44,621,85,0.9042553191489362,534,96,1.0212765957446808,73.0,237,119,1.8191489361702127,4.329787234042553,20663.411384217317,311,2.3404255319148937,0.1702127659574468
45,624,84,0.8936170212765957,538,96,1.0212765957446808,80.0,238,121,1.8297872340425532,4.329787234042553,20663.411384217317,311,2.3404255319148937,0.1702127659574468
46,634,85,0.9042553191489362,547,99,1.053191489361702,84.0,247,126,1.8191489361702127,4.361702127659575,20663.411384217317,314,2.3404255319148937,0.1702127659574468
47,647,85,0.9042553191489362,560,106,1.127659574468085,85.0,253,134,1.8191489361702127,4.340425531914893,20664.572195159915,312,2.351063829787234,0.1595744680851064
48,658,85,0.9042553191489362,571,112,1.1914893617021276,85.0,259,139,1.8297872340425532,4.351063829787234,20629.97311326048,313,2.351063829787234,0.1595744680851064
49,667,85,0.9042553191489362,580,113,1.202127659574468,89.0,269,141,1.8404255319148937,4.4361702127659575,20579.219239680602,321,2.3617021276595747,0.14893617021276595
50,671,85,0.9042553191489362,584,115,1.2234042553191489,92.0,275,142,1.8404255319148937,4.48936170212766,20536.56119605381,326,2.3617021276595747,0.14893617021276595
51,677,84,0.8936170212765957,591,119,1.2659574468085106,94.0,282,145,1.851063829787234,4.542553191489362,20317.617738889843,331,2.3617021276595747,0.14893617021276595
52,689,86,0.9148936170212766,601,116,1.2340425531914894,98.0,286,151,1.8297872340425532,4.5,20418.89009146203,327,2.3617021276595747,0.14893617021276595
53,706,85,0.9042553191489362,619,122,1.297872340425532,100.0,294,159,1.8617021276595744,4.51063829787234,20831.024096106536,328,2.3617021276595747,0.14893617021276595
54,717,85,0.9042553191489362,630,125,1.3297872340425532,106.0,298,168,1.8936170212765957,4.457446808510638,20698.32742812648,323,2.372340425531915,0.13829787234042554
55,722,83,0.8829787234042553,637,127,1.351063829787234,109.0,305,169,1.9148936170212767,4.542553191489362,20421.10912319467,331,2.372340425531915,0.13829787234042554
56,734,88,0.9361702127659575,644,125,1.3297872340425532,110.0,312,173,1.9042553191489362,4.5212765957446805,20840.858450902044,329,2.372340425531915,0.13829787234042554
57,747,84,0.8936170212765957,661,131,1.3936170212765957,110.0,318,177,1.946808510638298,4.585106382978723,20124.23333625134,335,2.372340425531915,0.13829787234042554
58,763,84,0.8936170212765957,677,131,1.3936170212765957,111.0,327,181,1.9574468085106382,4.638297872340425,20715.831438227644,340,2.372340425531915,0.13829787234042554
59,776,85,0.9042553191489362,689,134,1.425531914893617,113.0,332,183,1.9574468085106382,4.659574468085107,20650.280677523366,342,2.372340425531915,0.13829787234042554
60,785,84,0.8936170212765957,699,136,1.446808510638298,114.0,341,185,1.9893617021276595,4.74468085106383,20435.423274217923,350,2.372340425531915,0.13829787234042554
61,795,83,0.8829787234042553,710,137,1.4574468085106382,119.0,346,188,2.0,4.776595744680851,20288.166936470036,353,2.372340425531915,0.13829787234042554
62,816,85,0.9042553191489362,729,140,1.4893617021276595,125.0,350,192,2.0,4.75531914893617,21045.825180000742,351,2.372340425531915,0.13829787234042554
63,828,86,0.9148936170212766,740,142,1.5106382978723405,126.0,361,197,2.0106382978723403,4.808510638297872,20885.265904238,356,2.372340425531915,0.13829787234042554
64,837,84,0.8936170212765957,751,150,1.5957446808510638,128.0,370,202,2.0425531914893615,4.872340425531915,20272.81239138841,362,2.372340425531915,0.13829787234042554
65,852,84,0.8936170212765957,766,152,1.6170212765957446,131.0,376,205,2.0425531914893615,4.904255319148936,20551.073470587962,365,2.372340425531915,0.13829787234042554
66,863,84,0.8936170212765957,777,156,1.6595744680851063,131.0,386,208,2.0425531914893615,4.9787234042553195,20132.467727528656,372,2.393617021276596,0.11702127659574468
67,873,83,0.8829787234042553,788,158,1.6808510638297873,136.0,391,210,2.0425531914893615,5.0212765957446805,19881.579667816673,376,2.393617021276596,0.11702127659574468
68,886,84,0.8936170212765957,800,160,1.702127659574468,139.0,393,217,2.0425531914893615,4.957446808510638,20558.821557191477,370,2.393617021276596,0.11702127659574468
69,899,83,0.8829787234042553,814,160,1.702127659574468,141.0,398,225,2.0638297872340425,4.9361702127659575,20369.338561165987,368,2.393617021276596,0.11702127659574468
70,914,87,0.925531914893617,825,157,1.6702127659574468,145.0,405,232,2.074468085106383,4.8936170212765955,20666.282245865852,364,2.393617021276596,0.11702127659574468
71,919,85,0.9042553191489362,832,161,1.7127659574468086,145.0,411,234,2.106382978723404,4.957446808510638,20396.423969287793,370,2.393617021276596,0.11702127659574468
72,933,85,0.9042553191489362,846,166,1.7659574468085106,148.0,420,241,2.127659574468085,4.9787234042553195,20621.2958825758,372,2.404255319148936,0.10638297872340426
73,945,84,0.8936170212765957,859,171,1.8191489361702127,150.0,426,245,2.148936170212766,5.01063829787234,20401.43379256188,375,2.404255319148936,0.10638297872340426
74,965,81,0.8617021276595744,882,176,1.872340425531915,157.0,430,251,2.1914893617021276,5.0212765957446805,20370.293420669233,376,2.404255319148936,0.10638297872340426
75,981,86,0.9148936170212766,893,172,1.8297872340425532,160.0,431,254,2.1702127659574466,4.946808510638298,21108.482115595954,369,2.404255319148936,0.10638297872340426
76,993,85,0.9042553191489362,906,175,1.8617021276595744,164.0,436,259,2.202127659574468,4.957446808510638,21156.3035871626,370,2.404255319148936,0.10638297872340426
77,1006,84,0.8936170212765957,920,184,1.9574468085106382,167.0,441,265,2.223404255319149,4.957446808510638,20564.89890451203,370,2.404255319148936,0.10638297872340426
78,1012,85,0.9042553191489362,925,184,1.9574468085106382,171.0,449,267,2.202127659574468,5.01063829787234,20510.903744797924,375,2.404255319148936,0.10638297872340426
79,1028,84,0.8936170212765957,942,185,1.9680851063829787,176.0,455,271,2.234042553191489,5.042553191489362,20088.327843364936,378,2.404255319148936,0.10638297872340426
80,1034,85,0.9042553191489362,947,185,1.9680851063829787,178.0,458,273,2.223404255319149,5.042553191489362,20203.315597534965,378,2.404255319148936,0.10638297872340426
Years Elapsed,Cumulative Out-Migrants,Instant Out-Migrants,Average Out-Migrants,Total Re-Migrants,Instant Re-Migrants,Average Re-Migrants,Total Marriages,Total Births,Total Deaths,Average Laborers,Average Household Size,Average Income,Population,GTGP Parcels Per Household,Non-GTGP Parcels Per Household
0,95,83,0.8829787234042553,10,10,0.10638297872340426,1.0,0,3,1.6170212765957446,3.0638297872340425,20442.304178324135,192,0.010638297872340425,2.5
1,102,81,0.8617021276595744,19,19,0.20212765957446807,2.0,0,5,1.627659574468085,3.0638297872340425,20169.209366898507,192,1.3297872340425532,1.1808510638297873
2,111,81,0.8617021276595744,28,22,0.23404255319148937,2.0,0,9,1.627659574468085,3.021276595744681,20009.604583225886,188,1.6808510638297873,0.8297872340425532
3,117,81,0.8617021276595744,34,22,0.23404255319148937,3.0,23,9,1.627659574468085,3.265957446808511,20087.565095252383,211,1.8404255319148937,0.6702127659574468
4,131,82,0.8723404255319149,47,24,0.2553191489361702,11.0,24,10,1.627659574468085,3.25531914893617,20191.444510911686,210,1.946808510638298,0.5638297872340425
5,141,81,0.8617021276595744,58,30,0.3191489361702128,12.0,28,12,1.648936170212766,3.2872340425531914,20154.738417525998,213,2.0425531914893615,0.46808510638297873
6,150,81,0.8617021276595744,67,32,0.3404255319148936,15.0,32,14,1.648936170212766,3.3085106382978724,19945.70425810394,215,2.106382978723404,0.40425531914893614
7,158,82,0.8723404255319149,74,32,0.3404255319148936,19.0,39,14,1.6382978723404256,3.372340425531915,19898.325593597092,221,2.1382978723404253,0.3723404255319149
8,167,79,0.8404255319148937,86,36,0.3829787234042553,19.0,44,18,1.6702127659574468,3.4148936170212765,19776.52553191489,225,2.1914893617021276,0.3191489361702128
9,175,81,0.8617021276595744,92,35,0.3723404255319149,21.0,46,22,1.6595744680851063,3.372340425531915,19899.57287782622,221,2.223404255319149,0.2872340425531915
10,186,82,0.8723404255319149,102,35,0.3723404255319149,22.0,49,23,1.648936170212766,3.382978723404255,20092.79899166554,222,2.24468085106383,0.26595744680851063
11,195,80,0.851063829787234,113,39,0.4148936170212766,24.0,56,26,1.6914893617021276,3.4468085106382977,19810.222671132004,228,2.25531914893617,0.2553191489361702
12,207,81,0.8617021276595744,124,39,0.4148936170212766,24.0,59,27,1.6702127659574468,3.4574468085106385,20055.080160072033,229,2.265957446808511,0.24468085106382978
13,216,83,0.8829787234042553,131,40,0.425531914893617,24.0,64,30,1.6595744680851063,3.4574468085106385,19982.650544041997,229,2.276595744680851,0.23404255319148937
14,223,83,0.8829787234042553,138,41,0.43617021276595747,24.0,67,31,1.6595744680851063,3.478723404255319,19982.650544041997,231,2.297872340425532,0.2127659574468085
15,234,83,0.8829787234042553,149,43,0.4574468085106383,24.0,69,34,1.6595744680851063,3.4680851063829787,20066.475826653128,230,2.297872340425532,0.2127659574468085
16,244,84,0.8936170212765957,158,43,0.4574468085106383,25.0,71,34,1.6595744680851063,3.478723404255319,19909.03196695721,231,2.3085106382978724,0.20212765957446807
17,255,82,0.8723404255319149,171,47,0.5,26.0,73,41,1.6702127659574468,3.4468085106382977,20040.394928695747,228,2.3297872340425534,0.18085106382978725
18,269,86,0.9148936170212766,181,44,0.46808510638297873,26.0,75,47,1.6382978723404256,3.3617021276595747,20077.21659941052,220,2.3404255319148937,0.1702127659574468
19,270,80,0.851063829787234,188,50,0.5319148936170213,26.0,77,48,1.6808510638297873,3.4361702127659575,20040.394928695747,227,2.3404255319148937,0.1702127659574468
20,283,81,0.8617021276595744,200,50,0.5319148936170213,29.0,80,51,1.6702127659574468,3.425531914893617,20006.697789478636,226,2.351063829787234,0.1595744680851064
21,288,80,0.851063829787234,206,50,0.5319148936170213,29.0,85,53,1.6702127659574468,3.4680851063829787,19796.35838335896,230,2.351063829787234,0.1595744680851064
22,302,80,0.851063829787234,220,51,0.5425531914893617,29.0,88,54,1.6702127659574468,3.4893617021276597,20027.151348417494,232,2.351063829787234,0.1595744680851064
23,316,83,0.8829787234042553,231,50,0.5319148936170213,29.0,90,58,1.6702127659574468,3.4361702127659575,20054.72086058232,227,2.351063829787234,0.1595744680851064
24,327,83,0.8829787234042553,242,50,0.5319148936170213,36.0,97,60,1.6595744680851063,3.4893617021276597,19910.692837504765,232,2.351063829787234,0.1595744680851064
25,331,83,0.8829787234042553,246,50,0.5319148936170213,36.0,100,62,1.6595744680851063,3.5,19974.63186655529,233,2.351063829787234,0.1595744680851064
26,339,84,0.8936170212765957,253,52,0.5531914893617021,36.0,104,68,1.6595744680851063,3.4680851063829787,20625.990358501458,230,2.351063829787234,0.1595744680851064
27,345,82,0.8723404255319149,261,57,0.6063829787234043,37.0,112,72,1.6702127659574468,3.5319148936170213,20178.584152686835,236,2.351063829787234,0.1595744680851064
28,353,81,0.8617021276595744,270,58,0.6170212765957447,40.0,118,73,1.6808510638297873,3.595744680851064,19949.017860826265,242,2.351063829787234,0.1595744680851064
29,360,81,0.8617021276595744,277,60,0.6382978723404256,42.0,125,76,1.6808510638297873,3.6382978723404253,20010.950807583755,246,2.351063829787234,0.1595744680851064
30,369,82,0.8723404255319149,285,61,0.648936170212766,43.0,129,79,1.6702127659574468,3.6382978723404253,20117.215720680346,246,2.351063829787234,0.1595744680851064
31,375,81,0.8617021276595744,292,63,0.6702127659574468,44.0,134,81,1.6808510638297873,3.6808510638297873,20115.329309984412,250,2.351063829787234,0.1595744680851064
32,392,81,0.8617021276595744,309,64,0.6808510638297872,47.0,137,83,1.6914893617021276,3.6914893617021276,19872.58473152626,251,2.351063829787234,0.1595744680851064
33,402,79,0.8404255319148937,321,67,0.7127659574468085,48.0,139,87,1.702127659574468,3.6914893617021276,19778.746369399243,251,2.351063829787234,0.1595744680851064
34,418,79,0.8404255319148937,337,67,0.7127659574468085,51.0,143,88,1.7127659574468086,3.723404255319149,20017.570779410373,254,2.3617021276595747,0.14893617021276595
35,430,82,0.8723404255319149,346,64,0.6808510638297872,53.0,150,90,1.6808510638297873,3.74468085106383,20494.323671058228,256,2.3617021276595747,0.14893617021276595
36,435,80,0.851063829787234,353,68,0.723404255319149,53.0,165,93,1.702127659574468,3.893617021276596,20117.923720533607,270,2.3617021276595747,0.14893617021276595
37,449,80,0.851063829787234,367,68,0.723404255319149,53.0,169,93,1.7127659574468086,3.9361702127659575,19978.54763245707,274,2.3617021276595747,0.14893617021276595
38,458,78,0.8297872340425532,378,72,0.7659574468085106,53.0,176,94,1.7234042553191489,4.0212765957446805,19776.52553191489,282,2.3617021276595747,0.14893617021276595
39,478,80,0.851063829787234,396,73,0.776595744680851,53.0,179,98,1.702127659574468,3.9893617021276597,19953.739823732947,279,2.372340425531915,0.13829787234042554
40,494,80,0.851063829787234,412,76,0.8085106382978723,55.0,191,102,1.7127659574468086,4.074468085106383,20009.186263590123,287,2.372340425531915,0.13829787234042554
41,512,80,0.851063829787234,430,83,0.8829787234042553,56.0,198,111,1.7234042553191489,4.053191489361702,19887.183268358895,285,2.372340425531915,0.13829787234042554
42,522,81,0.8617021276595744,439,84,0.8936170212765957,57.0,201,117,1.7127659574468086,4.01063829787234,20082.306034647827,281,2.372340425531915,0.13829787234042554
43,533,81,0.8617021276595744,450,86,0.9148936170212766,59.0,203,123,1.7234042553191489,3.9680851063829787,20128.314937818428,277,2.372340425531915,0.13829787234042554
44,546,81,0.8617021276595744,463,89,0.9468085106382979,59.0,209,130,1.7340425531914894,3.9574468085106385,19959.912619790117,276,2.382978723404255,0.1276595744680851
45,558,79,0.8404255319148937,477,94,1.0,60.0,218,136,1.7340425531914894,4.01063829787234,20200.36128732051,281,2.393617021276596,0.11702127659574468
46,573,79,0.8404255319148937,492,97,1.0319148936170213,60.0,225,140,1.7234042553191489,4.042553191489362,20077.844605871876,284,2.393617021276596,0.11702127659574468
47,587,79,0.8404255319148937,506,98,1.0425531914893618,62.0,235,142,1.7234042553191489,4.127659574468085,20189.394985308038,292,2.393617021276596,0.11702127659574468
48,603,80,0.851063829787234,521,99,1.053191489361702,67.0,246,144,1.7340425531914894,4.212765957446808,20202.302157585975,300,2.393617021276596,0.11702127659574468
49,612,80,0.851063829787234,530,98,1.0425531914893618,69.0,251,146,1.7234042553191489,4.24468085106383,20093.05053352003,303,2.393617021276596,0.11702127659574468
50,620,81,0.8617021276595744,537,98,1.0425531914893618,73.0,259,151,1.7234042553191489,4.26595744680851,20291.060450133613,305,2.393617021276596,0.11702127659574468
51,625,80,0.851063829787234,543,100,1.0638297872340425,77.0,261,153,1.7340425531914894,4.276595744680851,20124.778688239,306,2.393617021276596,0.11702127659574468
52,634,81,0.8617021276595744,551,101,1.074468085106383,81.0,266,154,1.7340425531914894,4.308510638297872,20162.632643694906,309,2.393617021276596,0.11702127659574468
53,642,82,0.8723404255319149,558,104,1.1063829787234043,83.0,271,158,1.7340425531914894,4.308510638297872,20324.662529624136,309,2.393617021276596,0.11702127659574468
54,646,81,0.8617021276595744,563,105,1.1170212765957446,84.0,275,165,1.7340425531914894,4.287234042553192,20162.632643694906,307,2.393617021276596,0.11702127659574468
55,652,81,0.8617021276595744,569,105,1.1170212765957446,87.0,284,167,1.7446808510638299,4.361702127659575,20077.951020245015,314,2.393617021276596,0.11702127659574468
56,660,82,0.8723404255319149,576,108,1.148936170212766,90.0,290,170,1.7234042553191489,4.382978723404255,20122.01824753121,316,2.393617021276596,0.11702127659574468
57,666,79,0.8404255319148937,585,110,1.1702127659574468,96.0,301,173,1.7553191489361701,4.5,19776.52553191489,327,2.393617021276596,0.11702127659574468
58,680,80,0.851063829787234,598,111,1.1808510638297873,98.0,310,175,1.7553191489361701,4.5638297872340425,19982.624073617197,333,2.393617021276596,0.11702127659574468
59,689,82,0.8723404255319149,605,111,1.1808510638297873,99.0,316,179,1.7340425531914894,4.5638297872340425,19982.624073617197,333,2.393617021276596,0.11702127659574468
60,696,80,0.851063829787234,614,114,1.2127659574468086,100.0,319,183,1.7553191489361701,4.574468085106383,19776.52553191489,334,2.393617021276596,0.11702127659574468
61,701,82,0.8723404255319149,617,113,1.202127659574468,107.0,323,186,1.7446808510638299,4.5638297872340425,19862.16768411084,333,2.393617021276596,0.11702127659574468
62,709,80,0.851063829787234,627,117,1.2446808510638299,113.0,327,192,1.7553191489361701,4.5638297872340425,19776.52553191489,333,2.393617021276596,0.11702127659574468
63,718,81,0.8617021276595744,635,119,1.2659574468085106,114.0,335,196,1.7553191489361701,4.595744680851064,19980.88002103977,336,2.393617021276596,0.11702127659574468
64,730,81,0.8617021276595744,647,125,1.3297872340425532,115.0,344,202,1.7659574468085106,4.627659574468085,20207.536783025505,339,2.393617021276596,0.11702127659574468
65,735,79,0.8404255319148937,654,128,1.3617021276595744,116.0,350,207,1.7765957446808511,4.659574468085107,19992.209810218937,342,2.393617021276596,0.11702127659574468
66,743,82,0.8723404255319149,659,126,1.3404255319148937,121.0,352,212,1.7553191489361701,4.595744680851064,20204.750678206143,336,2.393617021276596,0.11702127659574468
67,748,82,0.8723404255319149,664,127,1.351063829787234,125.0,362,214,1.7659574468085106,4.680851063829787,20204.750678206143,344,2.393617021276596,0.11702127659574468
68,753,82,0.8723404255319149,669,127,1.351063829787234,129.0,373,217,1.7659574468085106,4.76595744680851,20204.750678206143,352,2.393617021276596,0.11702127659574468
69,756,82,0.8723404255319149,672,126,1.3404255319148937,131.0,381,219,1.7659574468085106,4.829787234042553,20428.13278152774,358,2.393617021276596,0.11702127659574468
70,759,83,0.8829787234042553,674,126,1.3404255319148937,134.0,393,221,1.7659574468085106,4.925531914893617,20881.616841261806,367,2.393617021276596,0.11702127659574468
71,762,82,0.8723404255319149,678,129,1.372340425531915,138.0,402,222,1.7659574468085106,5.0212765957446805,20440.88136345859,376,2.393617021276596,0.11702127659574468
72,765,80,0.851063829787234,683,133,1.4148936170212767,140.0,409,225,1.7872340425531914,5.085106382978723,20226.10996300059,382,2.393617021276596,0.11702127659574468
73,770,80,0.851063829787234,688,133,1.4148936170212767,142.0,419,228,1.7872340425531914,5.159574468085107,20349.266111715275,389,2.393617021276596,0.11702127659574468
74,775,81,0.8617021276595744,692,132,1.4042553191489362,144.0,424,234,1.7765957446808511,5.138297872340425,20349.266111715275,387,2.393617021276596,0.11702127659574468
75,782,79,0.8404255319148937,701,137,1.4574468085106382,145.0,431,239,1.8085106382978724,5.180851063829787,19909.762208052194,391,2.393617021276596,0.11702127659574468
76,790,80,0.851063829787234,708,137,1.4574468085106382,149.0,440,241,1.8085106382978724,5.24468085106383,19961.52563025169,397,2.393617021276596,0.11702127659574468
77,794,79,0.8404255319148937,713,140,1.4893617021276595,152.0,443,245,1.8191489361702127,5.24468085106383,19776.52553191489,397,2.393617021276596,0.11702127659574468
78,802,80,0.851063829787234,720,142,1.5106382978723405,158.0,450,248,1.8085106382978724,5.276595744680851,19795.21485592691,400,2.393617021276596,0.11702127659574468
79,808,79,0.8404255319148937,727,145,1.5425531914893618,160.0,456,253,1.8191489361702127,5.297872340425532,19795.21485592691,402,2.393617021276596,0.11702127659574468
80,814,80,0.851063829787234,732,144,1.5319148936170213,160.0,461,258,1.8191489361702127,5.287234042553192,19867.720344020287,401,2.393617021276596,0.11702127659574468
Years Elapsed,Cumulative Out-Migrants,Instant Out-Migrants,Average Out-Migrants,Total Re-Migrants,Instant Re-Migrants,Average Re-Migrants,Total Marriages,Total Births,Total Deaths,Average Laborers,Average Household Size,Average Income,Population,GTGP Parcels Per Household,Non-GTGP Parcels Per Household
0,95,83,0.8829787234042553,10,10,0.10638297872340426,1.0,0,5,1.6170212765957446,3.0425531914893615,20119.868542454933,190,0.010638297872340425,2.5
1,102,81,0.8617021276595744,19,18,0.19148936170212766,5.0,0,8,1.648936170212766,3.0319148936170213,19860.474325990934,189,1.2872340425531914,1.2234042553191489
2,115,84,0.8936170212765957,29,19,0.20212765957446807,6.0,0,10,1.6170212765957446,2.978723404255319,20454.826303245634,184,1.6914893617021276,0.8191489361702128
3,123,83,0.8829787234042553,38,24,0.2553191489361702,6.0,16,12,1.627659574468085,3.1382978723404253,20635.229556822647,199,1.8829787234042554,0.6276595744680851
4,129,80,0.851063829787234,47,28,0.2978723404255319,10.0,22,13,1.6595744680851063,3.223404255319149,20324.42706128193,207,1.9787234042553192,0.5319148936170213
5,140,84,0.8936170212765957,54,28,0.2978723404255319,11.0,25,15,1.6382978723404256,3.1914893617021276,20266.059982878643,204,2.0531914893617023,0.4574468085106383
6,151,81,0.8617021276595744,68,36,0.3829787234042553,12.0,26,20,1.6702127659574468,3.1808510638297873,20457.374582431887,203,2.117021276595745,0.39361702127659576
7,159,78,0.8297872340425532,79,40,0.425531914893617,15.0,31,22,1.702127659574468,3.24468085106383,19942.668878811284,209,2.148936170212766,0.3617021276595745
8,178,82,0.8723404255319149,94,39,0.4148936170212766,16.0,35,24,1.6595744680851063,3.223404255319149,20024.122578759452,207,2.1702127659574466,0.3404255319148936
9,185,81,0.8617021276595744,102,44,0.46808510638297873,19.0,39,27,1.6808510638297873,3.24468085106383,20052.862289861045,209,2.1914893617021276,0.3191489361702128
10,198,80,0.851063829787234,116,46,0.48936170212765956,20.0,42,30,1.6914893617021276,3.25531914893617,20084.08623790373,210,2.202127659574468,0.30851063829787234
11,208,80,0.851063829787234,126,45,0.4787234042553192,22.0,47,34,1.6914893617021276,3.265957446808511,19941.704037735024,211,2.234042553191489,0.2765957446808511
12,216,80,0.851063829787234,134,46,0.48936170212765956,22.0,53,36,1.6914893617021276,3.3085106382978724,19781.17820563078,215,2.25531914893617,0.2553191489361702
13,223,82,0.8723404255319149,139,45,0.4787234042553192,23.0,56,43,1.6808510638297873,3.24468085106383,20415.19416588439,209,2.265957446808511,0.24468085106382978
14,228,80,0.851063829787234,146,48,0.5106382978723404,23.0,62,46,1.6914893617021276,3.297872340425532,19995.97611355636,214,2.276595744680851,0.23404255319148937
15,237,79,0.8404255319148937,156,50,0.5319148936170213,24.0,67,46,1.702127659574468,3.3617021276595747,19914.99468802683,220,2.2872340425531914,0.22340425531914893
16,247,79,0.8404255319148937,166,51,0.5425531914893617,25.0,71,48,1.7127659574468086,3.382978723404255,20047.643691247744,222,2.297872340425532,0.2127659574468085
17,259,80,0.851063829787234,177,50,0.5319148936170213,26.0,74,49,1.702127659574468,3.393617021276596,19906.935479759235,223,2.3191489361702127,0.19148936170212766
18,270,83,0.8829787234042553,185,48,0.5106382978723404,27.0,78,49,1.6702127659574468,3.404255319148936,20153.306439129992,224,2.3191489361702127,0.19148936170212766
19,279,82,0.8723404255319149,195,51,0.5425531914893617,27.0,84,51,1.6808510638297873,3.4574468085106385,19824.154400377785,229,2.3191489361702127,0.19148936170212766
20,285,81,0.8617021276595744,202,53,0.5638297872340425,29.0,85,52,1.6914893617021276,3.4680851063829787,19824.154400377785,230,2.3297872340425534,0.18085106382978725
21,294,83,0.8829787234042553,209,55,0.5851063829787234,29.0,91,56,1.6808510638297873,3.4680851063829787,20193.024205516023,230,2.3297872340425534,0.18085106382978725
22,300,81,0.8617021276595744,217,60,0.6382978723404256,29.0,98,61,1.702127659574468,3.5106382978723403,20120.890382691512,234,2.3297872340425534,0.18085106382978725
23,306,82,0.8723404255319149,222,60,0.6382978723404256,29.0,101,65,1.6914893617021276,3.4893617021276597,20120.890382691512,232,2.3404255319148937,0.1702127659574468
24,314,83,0.8829787234042553,229,60,0.6382978723404256,36.0,107,65,1.6808510638297873,3.5425531914893615,20321.150643189078,237,2.3404255319148937,0.1702127659574468
25,323,83,0.8829787234042553,238,63,0.6702127659574468,39.0,110,67,1.6808510638297873,3.5531914893617023,20120.890382691512,238,2.3404255319148937,0.1702127659574468
26,332,83,0.8829787234042553,247,65,0.6914893617021277,40.0,117,70,1.6914893617021276,3.595744680851064,20235.73679552062,242,2.3404255319148937,0.1702127659574468
27,342,84,0.8936170212765957,256,69,0.7340425531914894,40.0,123,74,1.6702127659574468,3.606382978723404,20351.680868250623,243,2.3404255319148937,0.1702127659574468
28,348,83,0.8829787234042553,263,72,0.7659574468085106,41.0,136,78,1.6914893617021276,3.7127659574468086,20323.221639429757,253,2.3404255319148937,0.1702127659574468
29,354,81,0.8617021276595744,271,74,0.7872340425531915,43.0,143,79,1.6914893617021276,3.797872340425532,19960.667114242635,261,2.3404255319148937,0.1702127659574468
30,370,82,0.8723404255319149,286,75,0.7978723404255319,44.0,146,82,1.6914893617021276,3.7872340425531914,19795.07717333208,260,2.351063829787234,0.1595744680851064
31,379,83,0.8829787234042553,294,75,0.7978723404255319,45.0,150,83,1.6808510638297873,3.8085106382978724,19991.08676160742,262,2.351063829787234,0.1595744680851064
32,389,83,0.8829787234042553,304,76,0.8085106382978723,48.0,152,84,1.702127659574468,3.8191489361702127,20128.078081680036,263,2.351063829787234,0.1595744680851064
33,398,84,0.8936170212765957,312,79,0.8404255319148937,52.0,155,86,1.7127659574468086,3.8191489361702127,20468.355485575812,263,2.351063829787234,0.1595744680851064
34,408,83,0.8829787234042553,323,84,0.8936170212765957,54.0,157,90,1.7127659574468086,3.8085106382978724,20428.62404934311,262,2.351063829787234,0.1595744680851064
35,418,84,0.8936170212765957,332,86,0.9148936170212766,56.0,162,95,1.6914893617021276,3.797872340425532,20117.554340010483,261,2.351063829787234,0.1595744680851064
36,429,83,0.8829787234042553,344,88,0.9361702127659575,58.0,167,97,1.702127659574468,3.8404255319148937,20108.780880326245,265,2.351063829787234,0.1595744680851064
37,437,84,0.8936170212765957,351,88,0.9361702127659575,59.0,167,97,1.702127659574468,3.8297872340425534,20145.799549375395,264,2.351063829787234,0.1595744680851064
38,443,83,0.8829787234042553,358,91,0.9680851063829787,61.0,175,102,1.702127659574468,3.872340425531915,19993.01110286291,268,2.351063829787234,0.1595744680851064
39,454,83,0.8829787234042553,369,95,1.0106382978723405,63.0,185,105,1.6914893617021276,3.9468085106382977,20428.617939670967,275,2.351063829787234,0.1595744680851064
40,461,83,0.8829787234042553,376,97,1.0319148936170213,65.0,189,107,1.702127659574468,3.9680851063829787,20323.12919868212,277,2.3617021276595747,0.14893617021276595
41,468,83,0.8829787234042553,383,97,1.0319148936170213,65.0,192,109,1.702127659574468,3.978723404255319,20073.020394985477,278,2.372340425531915,0.13829787234042554
42,477,83,0.8829787234042553,392,99,1.053191489361702,65.0,197,114,1.6914893617021276,3.978723404255319,20213.050176375335,278,2.382978723404255,0.1276595744680851
43,488,81,0.8617021276595744,405,100,1.0638297872340425,67.0,204,118,1.7127659574468086,4.031914893617022,20206.197864939048,283,2.382978723404255,0.1276595744680851
44,500,83,0.8829787234042553,415,100,1.0638297872340425,69.0,210,121,1.702127659574468,4.042553191489362,20514.343289785113,284,2.382978723404255,0.1276595744680851
45,504,81,0.8617021276595744,421,102,1.0851063829787233,70.0,214,122,1.7234042553191489,4.095744680851064,20461.89289694463,289,2.382978723404255,0.1276595744680851
46,517,83,0.8829787234042553,432,103,1.0957446808510638,72.0,218,126,1.7127659574468086,4.074468085106383,20901.988280211408,287,2.382978723404255,0.1276595744680851
47,524,84,0.8936170212765957,438,102,1.0851063829787233,77.0,225,131,1.7127659574468086,4.085106382978723,20836.471028318687,288,2.393617021276596,0.11702127659574468
48,531,84,0.8936170212765957,445,107,1.1382978723404256,81.0,231,136,1.7234042553191489,4.095744680851064,20686.857296692204,289,2.404255319148936,0.10638297872340426
49,541,84,0.8936170212765957,455,113,1.202127659574468,87.0,237,137,1.7340425531914894,4.148936170212766,20572.434796888938,294,2.404255319148936,0.10638297872340426
50,549,83,0.8829787234042553,464,116,1.2340425531914894,91.0,244,138,1.7340425531914894,4.223404255319149,20322.64267898428,301,2.4148936170212765,0.09574468085106383
51,555,81,0.8617021276595744,472,119,1.2659574468085106,92.0,250,141,1.7553191489361701,4.276595744680851,19844.611933424443,306,2.4148936170212765,0.09574468085106383
52,569,84,0.8936170212765957,483,119,1.2659574468085106,93.0,254,147,1.7446808510638299,4.223404255319149,20534.497294162218,301,2.4148936170212765,0.09574468085106383
53,573,85,0.9042553191489362,486,120,1.2765957446808511,94.0,261,151,1.7340425531914894,4.24468085106383,20787.740376242193,303,2.4148936170212765,0.09574468085106383
54,576,84,0.8936170212765957,490,121,1.2872340425531914,97.0,266,153,1.7553191489361701,4.287234042553192,20282.063072947185,307,2.425531914893617,0.0851063829787234
55,584,81,0.8617021276595744,501,127,1.351063829787234,97.0,273,157,1.7659574468085106,4.351063829787234,20002.523012881884,313,2.425531914893617,0.0851063829787234
56,612,84,0.8936170212765957,526,129,1.372340425531915,99.0,280,162,1.7446808510638299,4.340425531914893,20861.44011644931,312,2.425531914893617,0.0851063829787234
57,627,83,0.8829787234042553,542,134,1.425531914893617,100.0,284,170,1.7553191489361701,4.308510638297872,20439.569053322106,309,2.425531914893617,0.0851063829787234
58,633,83,0.8829787234042553,548,135,1.4361702127659575,100.0,287,172,1.7553191489361701,4.319148936170213,20424.488553893323,310,2.425531914893617,0.0851063829787234
59,643,83,0.8829787234042553,558,140,1.4893617021276595,101.0,292,178,1.7659574468085106,4.308510638297872,20519.558189229247,309,2.425531914893617,0.0851063829787234
60,653,83,0.8829787234042553,568,143,1.5212765957446808,102.0,296,182,1.7659574468085106,4.308510638297872,20705.034923062358,309,2.425531914893617,0.0851063829787234
61,659,82,0.8723404255319149,575,144,1.5319148936170213,103.0,301,186,1.7659574468085106,4.329787234042553,21123.319137915772,311,2.425531914893617,0.0851063829787234
62,670,83,0.8829787234042553,585,144,1.5319148936170213,105.0,306,188,1.7659574468085106,4.351063829787234,20779.09742527648,313,2.425531914893617,0.0851063829787234
63,679,81,0.8617021276595744,596,147,1.5638297872340425,106.0,313,192,1.797872340425532,4.404255319148936,20806.399163953476,318,2.425531914893617,0.0851063829787234
64,691,81,0.8617021276595744,608,146,1.553191489361702,108.0,318,198,1.8085106382978724,4.3936170212765955,20791.6077869534,317,2.425531914893617,0.0851063829787234
65,700,84,0.8936170212765957,614,144,1.5319148936170213,108.0,323,202,1.7872340425531914,4.372340425531915,20360.661940249112,315,2.425531914893617,0.0851063829787234
66,712,82,0.8723404255319149,628,150,1.5957446808510638,110.0,328,205,1.8085106382978724,4.414893617021277,20483.444447478134,319,2.425531914893617,0.0851063829787234
67,720,84,0.8936170212765957,634,148,1.574468085106383,112.0,331,209,1.7872340425531914,4.382978723404255,20689.60669106463,316,2.425531914893617,0.0851063829787234
68,724,82,0.8723404255319149,640,150,1.5957446808510638,114.0,336,211,1.8085106382978724,4.4361702127659575,20437.439986699752,321,2.425531914893617,0.0851063829787234
69,736,82,0.8723404255319149,652,151,1.6063829787234043,116.0,340,217,1.8191489361702127,4.414893617021277,20587.941423894663,319,2.425531914893617,0.0851063829787234
70,740,83,0.8829787234042553,655,150,1.5957446808510638,116.0,349,220,1.8085106382978724,4.468085106382978,20587.941423894663,324,2.425531914893617,0.0851063829787234
71,748,82,0.8723404255319149,664,153,1.627659574468085,121.0,351,223,1.8085106382978724,4.468085106382978,20266.589136089682,324,2.425531914893617,0.0851063829787234
72,753,82,0.8723404255319149,669,153,1.627659574468085,123.0,358,224,1.8191489361702127,4.531914893617022,20047.603256057024,330,2.425531914893617,0.0851063829787234
73,759,80,0.851063829787234,677,156,1.6595744680851063,123.0,363,230,1.8297872340425532,4.542553191489362,20047.603256057024,331,2.425531914893617,0.0851063829787234
74,778,81,0.8617021276595744,695,158,1.6808510638297873,125.0,371,233,1.8297872340425532,4.585106382978723,20286.959338597557,335,2.425531914893617,0.0851063829787234
75,788,80,0.851063829787234,706,159,1.6914893617021276,127.0,378,233,1.851063829787234,4.670212765957447,20141.234207672995,343,2.425531914893617,0.0851063829787234
76,801,82,0.8723404255319149,717,159,1.6914893617021276,131.0,385,239,1.8404255319148937,4.659574468085107,20196.590283133024,342,2.425531914893617,0.0851063829787234
77,812,82,0.8723404255319149,728,161,1.7127659574468086,133.0,389,243,1.8617021276595744,4.659574468085107,20314.6486779431,342,2.4361702127659575,0.07446808510638298
78,820,82,0.8723404255319149,736,161,1.7127659574468086,134.0,394,246,1.8617021276595744,4.680851063829787,20494.04308352183,344,2.4361702127659575,0.07446808510638298
79,828,80,0.851063829787234,746,165,1.7553191489361701,136.0,401,249,1.872340425531915,4.74468085106383,20333.685620329627,350,2.4361702127659575,0.07446808510638298
80,839,81,0.8617021276595744,756,163,1.7340425531914894,139.0,409,253,1.872340425531915,4.776595744680851,20425.008378565897,353,2.4361702127659575,0.07446808510638298
Years Elapsed,Cumulative Out-Migrants,Instant Out-Migrants,Average Out-Migrants,Total Re-Migrants,Instant Re-Migrants,Average Re-Migrants,Total Marriages,Total Births,Total Deaths,Average Laborers,Average Household Size,Average Income,Population,GTGP Parcels Per Household,Non-GTGP Parcels Per Household
0,96,80,0.851063829787234,14,14,0.14893617021276595,2.0,0,3,1.6595744680851063,3.095744680851064,20037.111529287056,195,0.010638297872340425,2.5
1,110,82,0.8723404255319149,26,18,0.19148936170212766,4.0,0,5,1.6595744680851063,3.0531914893617023,20187.584395632162,191,1.3085106382978724,1.202127659574468
2,120,82,0.8723404255319149,36,22,0.23404255319148937,5.0,0,10,1.6595744680851063,3.0,20093.86948502332,186,1.6808510638297873,0.8297872340425532
3,127,81,0.8617021276595744,44,26,0.2765957446808511,6.0,17,12,1.6702127659574468,3.1702127659574466,20139.645880759486,202,1.8191489361702127,0.6914893617021277
4,140,80,0.851063829787234,58,30,0.3191489361702128,11.0,23,16,1.6914893617021276,3.202127659574468,20033.476243965164,205,1.9787234042553192,0.5319148936170213
5,154,81,0.8617021276595744,71,34,0.3617021276595745,13.0,28,20,1.6914893617021276,3.202127659574468,20283.646436432213,205,2.0319148936170213,0.4787234042553192
6,164,81,0.8617021276595744,81,35,0.3723404255319149,15.0,34,23,1.6914893617021276,3.234042553191489,20488.86321344743,208,2.074468085106383,0.43617021276595747
7,170,81,0.8617021276595744,87,35,0.3723404255319149,17.0,36,25,1.6914893617021276,3.234042553191489,20488.86321344743,208,2.127659574468085,0.3829787234042553
8,176,81,0.8617021276595744,93,35,0.3723404255319149,17.0,40,27,1.6914893617021276,3.25531914893617,20509.083806703602,210,2.127659574468085,0.3829787234042553
9,185,79,0.8404255319148937,104,37,0.39361702127659576,21.0,48,30,1.7127659574468086,3.3297872340425534,20018.57644285279,217,2.148936170212766,0.3617021276595745
10,195,80,0.851063829787234,113,36,0.3829787234042553,21.0,54,35,1.702127659574468,3.3297872340425534,19842.72201897164,217,2.1914893617021276,0.3191489361702128
11,204,81,0.8617021276595744,121,37,0.39361702127659576,23.0,59,37,1.702127659574468,3.351063829787234,20085.192007608166,219,2.1914893617021276,0.3191489361702128
12,210,80,0.851063829787234,128,38,0.40425531914893614,23.0,61,42,1.7127659574468086,3.3297872340425534,20085.192007608166,217,2.234042553191489,0.2765957446808511
13,219,80,0.851063829787234,137,38,0.40425531914893614,24.0,66,43,1.7127659574468086,3.372340425531915,20085.192007608166,221,2.24468085106383,0.26595744680851063
14,229,79,0.8404255319148937,148,40,0.425531914893617,24.0,73,45,1.7234042553191489,3.4361702127659575,20083.772703901683,227,2.25531914893617,0.2553191489361702
15,239,81,0.8617021276595744,156,38,0.40425531914893614,24.0,78,49,1.7127659574468086,3.425531914893617,20237.990525601086,226,2.265957446808511,0.24468085106382978
16,247,79,0.8404255319148937,166,40,0.425531914893617,25.0,83,51,1.7234042553191489,3.478723404255319,20083.772703901683,231,2.276595744680851,0.23404255319148937
17,254,80,0.851063829787234,172,40,0.425531914893617,25.0,87,53,1.7127659574468086,3.4893617021276597,20281.454381295505,232,2.276595744680851,0.23404255319148937
18,259,80,0.851063829787234,177,40,0.425531914893617,26.0,90,54,1.7127659574468086,3.5106382978723403,20281.454381295505,234,2.276595744680851,0.23404255319148937
19,267,79,0.8404255319148937,186,45,0.4787234042553192,26.0,98,59,1.7234042553191489,3.5531914893617023,20232.1449258303,238,2.2872340425531914,0.22340425531914893
20,274,80,0.851063829787234,192,45,0.4787234042553192,28.0,101,62,1.7127659574468086,3.5425531914893615,20232.1449258303,237,2.2872340425531914,0.22340425531914893
21,285,80,0.851063829787234,203,46,0.48936170212765956,28.0,107,64,1.7127659574468086,3.5851063829787235,20374.151121344974,241,2.3085106382978724,0.20212765957446807
22,300,79,0.8404255319148937,219,55,0.5851063829787234,28.0,112,74,1.7234042553191489,3.5425531914893615,20261.246570246134,237,2.3085106382978724,0.20212765957446807
23,309,79,0.8404255319148937,228,56,0.5957446808510638,28.0,116,78,1.7234042553191489,3.5425531914893615,20261.246570246134,237,2.3085106382978724,0.20212765957446807
24,318,80,0.851063829787234,236,58,0.6170212765957447,34.0,121,83,1.7127659574468086,3.5319148936170213,20261.246570246134,236,2.3085106382978724,0.20212765957446807
25,327,81,0.8617021276595744,244,58,0.6170212765957447,37.0,128,85,1.702127659574468,3.574468085106383,20153.343820168702,240,2.3191489361702127,0.19148936170212766
26,331,80,0.851063829787234,249,62,0.6595744680851063,37.0,133,89,1.7234042553191489,3.595744680851064,20090.851774312487,242,2.3191489361702127,0.19148936170212766
27,338,79,0.8404255319148937,257,65,0.6914893617021277,38.0,136,93,1.7340425531914894,3.595744680851064,19956.5034746952,242,2.3191489361702127,0.19148936170212766
28,346,79,0.8404255319148937,265,65,0.6914893617021277,39.0,141,96,1.7340425531914894,3.617021276595745,19956.5034746952,244,2.3297872340425534,0.18085106382978725
29,353,81,0.8617021276595744,270,64,0.6808510638297872,40.0,147,96,1.7127659574468086,3.6595744680851063,20000.932513120053,248,2.3404255319148937,0.1702127659574468
30,359,80,0.851063829787234,277,67,0.7127659574468085,44.0,150,99,1.7234042553191489,3.6702127659574466,19820.95457033974,249,2.3404255319148937,0.1702127659574468
31,365,80,0.851063829787234,283,70,0.7446808510638298,47.0,155,104,1.7234042553191489,3.6702127659574466,19820.95457033974,249,2.3404255319148937,0.1702127659574468
32,369,79,0.8404255319148937,288,71,0.7553191489361702,49.0,159,106,1.7234042553191489,3.702127659574468,19900.69027628847,252,2.3404255319148937,0.1702127659574468
33,378,80,0.851063829787234,296,73,0.776595744680851,49.0,161,110,1.7127659574468086,3.6702127659574466,19900.69027628847,249,2.3404255319148937,0.1702127659574468
34,382,80,0.851063829787234,300,74,0.7872340425531915,53.0,170,116,1.7127659574468086,3.702127659574468,19900.69027628847,252,2.3404255319148937,0.1702127659574468
35,386,80,0.851063829787234,304,75,0.7978723404255319,57.0,176,119,1.7127659574468086,3.734042553191489,19900.69027628847,255,2.3404255319148937,0.1702127659574468
36,392,79,0.8404255319148937,311,78,0.8297872340425532,58.0,178,123,1.7234042553191489,3.723404255319149,19900.69027628847,254,2.3404255319148937,0.1702127659574468
37,395,80,0.851063829787234,313,78,0.8297872340425532,60.0,183,125,1.7127659574468086,3.74468085106383,19900.69027628847,256,2.3404255319148937,0.1702127659574468
38,399,79,0.8404255319148937,318,78,0.8297872340425532,62.0,191,129,1.7234042553191489,3.797872340425532,19900.69027628847,261,2.3404255319148937,0.1702127659574468
39,408,79,0.8404255319148937,327,81,0.8617021276595744,63.0,195,136,1.7234042553191489,3.765957446808511,19883.84230050855,258,2.3404255319148937,0.1702127659574468
40,416,81,0.8617021276595744,333,82,0.8723404255319149,67.0,203,140,1.702127659574468,3.7872340425531914,20153.43556958494,260,2.3404255319148937,0.1702127659574468
41,423,79,0.8404255319148937,342,86,0.9148936170212766,69.0,209,145,1.7340425531914894,3.8191489361702127,19820.95457033974,263,2.3404255319148937,0.1702127659574468
42,429,79,0.8404255319148937,348,86,0.9148936170212766,69.0,214,147,1.7340425531914894,3.851063829787234,19820.95457033974,266,2.3404255319148937,0.1702127659574468
43,438,79,0.8404255319148937,357,89,0.9468085106382979,71.0,224,151,1.7340425531914894,3.9148936170212765,19915.079774281963,272,2.3404255319148937,0.1702127659574468
44,448,79,0.8404255319148937,367,92,0.9787234042553191,71.0,228,155,1.7340425531914894,3.9148936170212765,19915.079774281963,272,2.3404255319148937,0.1702127659574468
45,456,79,0.8404255319148937,375,93,0.9893617021276596,72.0,232,156,1.7340425531914894,3.9468085106382977,19993.68618240522,275,2.3404255319148937,0.1702127659574468
46,467,80,0.851063829787234,385,94,1.0,75.0,237,160,1.7234042553191489,3.9468085106382977,20201.409661738064,275,2.351063829787234,0.1595744680851064
47,474,80,0.851063829787234,392,96,1.0212765957446808,77.0,240,163,1.7446808510638299,3.9468085106382977,20073.29342866222,275,2.351063829787234,0.1595744680851064
48,480,81,0.8617021276595744,397,99,1.053191489361702,79.0,245,167,1.7553191489361701,3.9468085106382977,19938.20802803439,275,2.351063829787234,0.1595744680851064
49,485,81,0.8617021276595744,402,101,1.074468085106383,82.0,253,172,1.7446808510638299,3.978723404255319,19982.947305330257,278,2.3617021276595747,0.14893617021276595
50,492,79,0.8404255319148937,411,107,1.1382978723404256,85.0,261,175,1.7553191489361701,4.053191489361702,19972.930880316577,285,2.3617021276595747,0.14893617021276595
51,501,82,0.8723404255319149,417,106,1.127659574468085,86.0,264,180,1.7340425531914894,4.0,20230.13661470876,280,2.3617021276595747,0.14893617021276595
52,503,81,0.8617021276595744,420,108,1.148936170212766,88.0,274,184,1.7553191489361701,4.074468085106383,19877.855838473315,287,2.3617021276595747,0.14893617021276595
53,505,80,0.851063829787234,423,109,1.1595744680851063,88.0,282,185,1.7553191489361701,4.159574468085107,19811.248384197075,295,2.3617021276595747,0.14893617021276595
54,509,80,0.851063829787234,427,109,1.1595744680851063,89.0,286,189,1.7553191489361701,4.159574468085107,19811.248384197075,295,2.3617021276595747,0.14893617021276595
55,516,81,0.8617021276595744,433,110,1.1702127659574468,93.0,289,190,1.7446808510638299,4.170212765957447,19811.248384197075,296,2.3617021276595747,0.14893617021276595
56,525,80,0.851063829787234,443,115,1.2234042553191489,98.0,290,197,1.7659574468085106,4.117021276595745,19913.693646810254,291,2.3617021276595747,0.14893617021276595
57,531,80,0.851063829787234,449,115,1.2234042553191489,100.0,296,200,1.7659574468085106,4.148936170212766,19913.693646810254,294,2.3617021276595747,0.14893617021276595
58,539,81,0.8617021276595744,456,117,1.2446808510638299,100.0,299,204,1.7553191489361701,4.127659574468085,19818.59554981199,292,2.372340425531915,0.13829787234042554
59,542,80,0.851063829787234,460,119,1.2659574468085106,104.0,306,207,1.7553191489361701,4.180851063829787,19969.603319963062,297,2.372340425531915,0.13829787234042554
60,552,81,0.8617021276595744,469,120,1.2765957446808511,107.0,312,210,1.7553191489361701,4.202127659574468,20285.08938548005,299,2.372340425531915,0.13829787234042554
61,556,80,0.851063829787234,474,123,1.3085106382978724,113.0,318,213,1.7659574468085106,4.24468085106383,20523.21395124132,303,2.372340425531915,0.13829787234042554
62,560,81,0.8617021276595744,477,122,1.297872340425532,114.0,328,217,1.7553191489361701,4.297872340425532,20716.96087128843,308,2.372340425531915,0.13829787234042554
63,566,78,0.8297872340425532,486,127,1.351063829787234,114.0,335,220,1.7659574468085106,4.372340425531915,20173.005033442147,315,2.372340425531915,0.13829787234042554
64,576,81,0.8617021276595744,493,125,1.3297872340425532,119.0,338,222,1.7340425531914894,4.351063829787234,20678.23671571612,313,2.372340425531915,0.13829787234042554
65,592,81,0.8617021276595744,509,128,1.3617021276595744,123.0,350,225,1.7659574468085106,4.446808510638298,20517.838317330115,322,2.372340425531915,0.13829787234042554
66,599,81,0.8617021276595744,516,129,1.372340425531915,126.0,353,227,1.7553191489361701,4.457446808510638,20641.42871196517,323,2.372340425531915,0.13829787234042554
67,603,80,0.851063829787234,521,133,1.4148936170212767,128.0,361,231,1.7659574468085106,4.51063829787234,20618.717612104494,328,2.372340425531915,0.13829787234042554
68,609,82,0.8723404255319149,525,132,1.4042553191489362,128.0,364,234,1.7659574468085106,4.48936170212766,20632.171546727168,326,2.372340425531915,0.13829787234042554
69,614,81,0.8617021276595744,531,138,1.4680851063829787,132.0,373,244,1.7765957446808511,4.48936170212766,20632.171546727168,326,2.372340425531915,0.13829787234042554
70,619,81,0.8617021276595744,536,139,1.4787234042553192,136.0,378,250,1.7765957446808511,4.4787234042553195,20615.184384871194,325,2.372340425531915,0.13829787234042554
71,624,81,0.8617021276595744,541,142,1.5106382978723405,138.0,384,257,1.7765957446808511,4.468085106382978,20219.694204527066,324,2.382978723404255,0.1276595744680851
72,629,80,0.851063829787234,547,144,1.5319148936170213,139.0,389,264,1.7765957446808511,4.457446808510638,20218.704883343937,323,2.393617021276596,0.11702127659574468
73,634,81,0.8617021276595744,551,146,1.553191489361702,144.0,393,267,1.7765957446808511,4.457446808510638,20416.170815203233,323,2.404255319148936,0.10638297872340426
74,638,80,0.851063829787234,556,148,1.574468085106383,149.0,399,274,1.7765957446808511,4.457446808510638,20065.976409842977,323,2.404255319148936,0.10638297872340426
75,644,81,0.8617021276595744,561,151,1.6063829787234043,152.0,405,283,1.7765957446808511,4.414893617021277,20294.72471740504,319,2.404255319148936,0.10638297872340426
76,650,81,0.8617021276595744,567,152,1.6170212765957446,153.0,411,285,1.7659574468085106,4.457446808510638,20116.417979224167,323,2.404255319148936,0.10638297872340426
77,654,78,0.8297872340425532,574,157,1.6702127659574468,153.0,418,288,1.7765957446808511,4.531914893617022,19776.52553191489,330,2.404255319148936,0.10638297872340426
78,667,81,0.8617021276595744,584,155,1.648936170212766,154.0,426,289,1.7659574468085106,4.574468085106383,20102.77570121533,334,2.404255319148936,0.10638297872340426
79,669,81,0.8617021276595744,586,154,1.6382978723404256,155.0,432,290,1.7765957446808511,4.627659574468085,20102.77570121533,339,2.404255319148936,0.10638297872340426
80,673,81,0.8617021276595744,590,154,1.6382978723404256,160.0,433,290,1.7872340425531914,4.638297872340425,19929.207372332,340,2.4148936170212765,0.09574468085106383
Years Elapsed,Cumulative Out-Migrants,Instant Out-Migrants,Average Out-Migrants,Total Re-Migrants,Instant Re-Migrants,Average Re-Migrants,Total Marriages,Total Births,Total Deaths,Average Laborers,Average Household Size,Average Income,Population,GTGP Parcels Per Household,Non-GTGP Parcels Per Household
0,97,80,0.851063829787234,15,15,0.1595744680851064,2.0,0,2,1.6382978723404256,3.106382978723404,20087.835797246866,196,0.010638297872340425,2.5
1,110,84,0.8936170212765957,24,16,0.1702127659574468,3.0,0,4,1.6170212765957446,3.0425531914893615,20793.18632506563,190,1.372340425531915,1.1382978723404256
2,118,83,0.8829787234042553,33,20,0.2127659574468085,4.0,0,8,1.6382978723404256,3.0106382978723403,20445.090026986974,187,1.7340425531914894,0.776595744680851
3,125,82,0.8723404255319149,41,24,0.2553191489361702,4.0,22,8,1.6382978723404256,3.25531914893617,20564.31734811986,210,1.8829787234042554,0.6276595744680851
4,134,81,0.8617021276595744,51,28,0.2978723404255319,8.0,28,13,1.648936170212766,3.276595744680851,20653.30446179941,212,1.9574468085106382,0.5531914893617021
5,138,81,0.8617021276595744,55,30,0.3191489361702128,10.0,34,16,1.648936170212766,3.3085106382978724,20211.328853719828,215,2.0106382978723403,0.5
6,145,79,0.8404255319148937,64,33,0.35106382978723405,13.0,41,16,1.6702127659574468,3.404255319148936,20015.664447146944,224,2.095744680851064,0.4148936170212766
7,159,82,0.8723404255319149,75,30,0.3191489361702128,16.0,51,21,1.6382978723404256,3.425531914893617,20341.557898623927,226,2.1382978723404253,0.3723404255319149
8,168,83,0.8829787234042553,83,32,0.3404255319148936,16.0,56,22,1.6595744680851063,3.4574468085106385,20172.92182297346,229,2.148936170212766,0.3617021276595745
9,176,83,0.8829787234042553,91,35,0.3723404255319149,19.0,61,25,1.6595744680851063,3.478723404255319,20453.922932501915,231,2.1595744680851063,0.35106382978723405
10,182,81,0.8617021276595744,99,37,0.39361702127659576,19.0,66,26,1.6702127659574468,3.5425531914893615,20203.713490644248,237,2.1808510638297873,0.32978723404255317
11,193,83,0.8829787234042553,108,35,0.3723404255319149,22.0,71,28,1.6808510638297873,3.5531914893617023,20203.713490644248,238,2.202127659574468,0.30851063829787234
12,197,84,0.8936170212765957,111,34,0.3617021276595745,22.0,76,30,1.6702127659574468,3.574468085106383,20780.860901157514,240,2.202127659574468,0.30851063829787234
13,205,80,0.851063829787234,123,43,0.4574468085106383,24.0,82,35,1.7127659574468086,3.627659574468085,19776.52553191489,245,2.234042553191489,0.2765957446808511
14,216,80,0.851063829787234,134,44,0.46808510638297873,24.0,86,41,1.702127659574468,3.606382978723404,19776.52553191489,243,2.25531914893617,0.2553191489361702
15,231,81,0.8617021276595744,148,46,0.48936170212765956,24.0,88,45,1.6914893617021276,3.574468085106383,19776.52553191489,240,2.25531914893617,0.2553191489361702
16,242,81,0.8617021276595744,159,46,0.48936170212765956,25.0,92,48,1.7127659574468086,3.5851063829787235,20069.634070280732,241,2.297872340425532,0.2127659574468085
17,255,83,0.8829787234042553,170,46,0.48936170212765956,26.0,97,53,1.6808510638297873,3.5638297872340425,20150.866050640023,239,2.297872340425532,0.2127659574468085
18,267,83,0.8829787234042553,182,49,0.5212765957446809,27.0,99,57,1.6702127659574468,3.5425531914893615,19809.94814572924,237,2.3191489361702127,0.19148936170212766
19,280,85,0.9042553191489362,193,51,0.5425531914893617,27.0,103,63,1.648936170212766,3.5,20239.485267606815,233,2.3191489361702127,0.19148936170212766
20,286,81,0.8617021276595744,203,55,0.5851063829787234,29.0,111,65,1.6808510638297873,3.606382978723404,20315.874512736747,243,2.3191489361702127,0.19148936170212766
21,303,84,0.8936170212765957,217,53,0.5638297872340425,29.0,115,68,1.6595744680851063,3.5851063829787235,20638.65093178315,241,2.3191489361702127,0.19148936170212766
22,310,84,0.8936170212765957,224,53,0.5638297872340425,29.0,120,68,1.6808510638297873,3.6382978723404253,20343.662477788785,246,2.3191489361702127,0.19148936170212766
23,319,84,0.8936170212765957,233,56,0.5957446808510638,29.0,127,72,1.6914893617021276,3.6702127659574466,20483.063236434227,249,2.3297872340425534,0.18085106382978725
24,324,83,0.8829787234042553,239,58,0.6170212765957447,36.0,132,74,1.6914893617021276,3.7127659574468086,20264.44033909684,253,2.3297872340425534,0.18085106382978725
25,332,81,0.8617021276595744,249,61,0.648936170212766,36.0,136,76,1.7127659574468086,3.75531914893617,20259.771265394596,257,2.3297872340425534,0.18085106382978725
26,341,83,0.8829787234042553,256,60,0.6382978723404256,38.0,142,78,1.7127659574468086,3.776595744680851,20469.888185265147,259,2.3297872340425534,0.18085106382978725
27,348,82,0.8723404255319149,264,64,0.6808510638297872,41.0,152,81,1.7446808510638299,3.8617021276595747,20231.72016707167,267,2.3297872340425534,0.18085106382978725
28,363,80,0.851063829787234,281,68,0.723404255319149,45.0,156,84,1.7446808510638299,3.893617021276596,20231.72016707167,270,2.3297872340425534,0.18085106382978725
29,373,81,0.8617021276595744,290,67,0.7127659574468085,48.0,163,89,1.7446808510638299,3.904255319148936,20171.25204871657,271,2.3297872340425534,0.18085106382978725
30,390,83,0.8829787234042553,305,66,0.7021276595744681,51.0,166,90,1.7234042553191489,3.904255319148936,20443.592431528723,271,2.3404255319148937,0.1702127659574468
31,394,80,0.851063829787234,312,71,0.7553191489361702,53.0,174,95,1.7446808510638299,3.9680851063829787,20304.587547768384,277,2.351063829787234,0.1595744680851064
32,403,83,0.8829787234042553,318,70,0.7446808510638298,54.0,181,98,1.7234042553191489,3.978723404255319,20454.26471381991,278,2.351063829787234,0.1595744680851064
33,408,80,0.851063829787234,326,73,0.776595744680851,55.0,187,98,1.7340425531914894,4.074468085106383,20211.366684263117,287,2.3617021276595747,0.14893617021276595
34,422,82,0.8723404255319149,338,72,0.7659574468085106,57.0,197,99,1.7446808510638299,4.148936170212766,20027.683373259304,294,2.3617021276595747,0.14893617021276595
35,431,80,0.851063829787234,349,76,0.8085106382978723,60.0,205,103,1.7553191489361701,4.212765957446808,20073.484344944653,300,2.3617021276595747,0.14893617021276595
36,443,82,0.8723404255319149,359,76,0.8085106382978723,61.0,214,109,1.7340425531914894,4.223404255319149,19914.262427297355,301,2.372340425531915,0.13829787234042554
37,453,82,0.8723404255319149,369,78,0.8297872340425532,61.0,221,113,1.7446808510638299,4.25531914893617,20417.95958596154,304,2.372340425531915,0.13829787234042554
38,460,81,0.8617021276595744,377,80,0.851063829787234,62.0,225,118,1.7553191489361701,4.25531914893617,20257.76127219702,304,2.372340425531915,0.13829787234042554
39,470,79,0.8404255319148937,389,84,0.8936170212765957,64.0,229,119,1.7765957446808511,4.308510638297872,20141.778416790276,309,2.372340425531915,0.13829787234042554
40,486,81,0.8617021276595744,403,83,0.8829787234042553,65.0,235,124,1.7446808510638299,4.297872340425532,20341.87497094218,308,2.372340425531915,0.13829787234042554
41,503,82,0.8723404255319149,419,86,0.9148936170212766,69.0,240,131,1.7553191489361701,4.26595744680851,20681.905853134955,305,2.372340425531915,0.13829787234042554
42,510,80,0.851063829787234,428,89,0.9468085106382979,72.0,248,136,1.7765957446808511,4.319148936170213,20264.242710789487,310,2.372340425531915,0.13829787234042554
43,527,82,0.8723404255319149,443,90,0.9574468085106383,76.0,258,139,1.7553191489361701,4.372340425531915,20510.987090328224,315,2.372340425531915,0.13829787234042554
44,536,81,0.8617021276595744,453,94,1.0,80.0,262,145,1.7765957446808511,4.361702127659575,20418.672164659973,314,2.372340425531915,0.13829787234042554
45,549,80,0.851063829787234,467,96,1.0212765957446808,82.0,269,150,1.7872340425531914,4.3936170212765955,20322.8318285621,317,2.372340425531915,0.13829787234042554
46,560,80,0.851063829787234,478,102,1.0851063829787233,85.0,277,156,1.797872340425532,4.414893617021277,19847.6088480535,319,2.372340425531915,0.13829787234042554
47,569,80,0.851063829787234,487,103,1.0957446808510638,88.0,287,160,1.797872340425532,4.4787234042553195,19776.52553191489,325,2.372340425531915,0.13829787234042554
48,584,80,0.851063829787234,502,108,1.148936170212766,93.0,293,168,1.7872340425531914,4.457446808510638,19776.52553191489,323,2.372340425531915,0.13829787234042554
49,605,82,0.8723404255319149,521,108,1.148936170212766,94.0,298,170,1.7872340425531914,4.468085106382978,20222.157603407064,324,2.372340425531915,0.13829787234042554
50,615,80,0.851063829787234,533,117,1.2446808510638299,95.0,305,176,1.8085106382978724,4.5,19849.65106965422,327,2.372340425531915,0.13829787234042554
51,629,82,0.8723404255319149,545,118,1.2553191489361701,98.0,313,184,1.7872340425531914,4.4787234042553195,19849.65106965422,325,2.372340425531915,0.13829787234042554
52,638,83,0.8829787234042553,553,118,1.2553191489361701,102.0,316,189,1.797872340425532,4.446808510638298,19863.023821335384,322,2.372340425531915,0.13829787234042554
53,641,77,0.8191489361702128,562,124,1.3191489361702127,105.0,321,196,1.8297872340425532,4.48936170212766,19776.52553191489,326,2.372340425531915,0.13829787234042554
54,659,81,0.8617021276595744,576,121,1.2872340425531914,108.0,333,201,1.7872340425531914,4.5212765957446805,20076.794318467313,329,2.372340425531915,0.13829787234042554
55,668,81,0.8617021276595744,585,124,1.3191489361702127,112.0,342,204,1.8085106382978724,4.585106382978723,19954.19753005616,335,2.372340425531915,0.13829787234042554
56,677,81,0.8617021276595744,594,126,1.3404255319148937,115.0,351,210,1.8085106382978724,4.617021276595745,20202.935542060175,338,2.372340425531915,0.13829787234042554
57,687,83,0.8829787234042553,602,127,1.351063829787234,118.0,356,216,1.7872340425531914,4.585106382978723,20683.450136535415,335,2.372340425531915,0.13829787234042554
58,693,81,0.8617021276595744,610,132,1.4042553191489362,121.0,363,219,1.8297872340425532,4.648936170212766,20328.759625557144,341,2.372340425531915,0.13829787234042554
59,699,82,0.8723404255319149,615,131,1.3936170212765957,124.0,370,221,1.8191489361702127,4.691489361702128,20405.305168183688,345,2.372340425531915,0.13829787234042554
60,705,80,0.851063829787234,623,136,1.446808510638298,126.0,374,226,1.851063829787234,4.702127659574468,19994.13252445834,346,2.372340425531915,0.13829787234042554
61,713,82,0.8723404255319149,629,135,1.4361702127659575,128.0,381,232,1.8297872340425532,4.691489361702128,20243.77563098589,345,2.372340425531915,0.13829787234042554
62,720,81,0.8617021276595744,637,135,1.4361702127659575,129.0,388,235,1.8404255319148937,4.74468085106383,19954.68736502161,350,2.372340425531915,0.13829787234042554
63,732,82,0.8723404255319149,648,136,1.446808510638298,133.0,390,236,1.851063829787234,4.74468085106383,20416.949583609137,350,2.372340425531915,0.13829787234042554
64,738,80,0.851063829787234,656,138,1.4680851063829787,138.0,399,243,1.8617021276595744,4.787234042553192,20387.1876374772,354,2.372340425531915,0.13829787234042554
65,747,84,0.8936170212765957,661,136,1.446808510638298,141.0,409,248,1.8297872340425532,4.797872340425532,20886.47462267764,355,2.372340425531915,0.13829787234042554
66,748,83,0.8829787234042553,663,137,1.4574468085106382,146.0,412,250,1.8297872340425532,4.819148936170213,20780.57291218339,357,2.372340425531915,0.13829787234042554
67,754,81,0.8617021276595744,671,141,1.5,150.0,420,253,1.8617021276595744,4.8936170212765955,20086.278665470938,364,2.372340425531915,0.13829787234042554
68,764,81,0.8617021276595744,681,148,1.574468085106383,154.0,427,260,1.8829787234042554,4.8936170212765955,20253.437432647414,364,2.372340425531915,0.13829787234042554
69,776,82,0.8723404255319149,692,149,1.5851063829787233,154.0,439,264,1.8829787234042554,4.968085106382978,20283.452711760165,371,2.372340425531915,0.13829787234042554
70,780,82,0.8723404255319149,696,151,1.6063829787234043,158.0,450,267,1.8829787234042554,5.053191489361702,20165.672608086592,379,2.372340425531915,0.13829787234042554
71,793,82,0.8723404255319149,709,155,1.648936170212766,161.0,459,273,1.9042553191489362,5.085106382978723,20249.5454948481,382,2.372340425531915,0.13829787234042554
72,800,80,0.851063829787234,718,162,1.7234042553191489,164.0,466,280,1.946808510638298,5.1063829787234045,19966.519377163902,384,2.372340425531915,0.13829787234042554
73,807,80,0.851063829787234,725,163,1.7340425531914894,165.0,476,285,1.9574468085106382,5.159574468085107,19962.95918064051,389,2.372340425531915,0.13829787234042554
74,812,82,0.8723404255319149,728,161,1.7127659574468086,168.0,483,288,1.9361702127659575,5.180851063829787,19962.95918064051,391,2.372340425531915,0.13829787234042554
75,816,82,0.8723404255319149,732,163,1.7340425531914894,172.0,489,288,1.946808510638298,5.24468085106383,19915.85211942251,397,2.372340425531915,0.13829787234042554
76,818,82,0.8723404255319149,734,163,1.7340425531914894,178.0,494,288,1.9574468085106382,5.297872340425532,20034.313136824156,402,2.372340425531915,0.13829787234042554
77,822,82,0.8723404255319149,738,164,1.7446808510638299,181.0,500,288,1.946808510638298,5.361702127659575,19922.50194610589,408,2.372340425531915,0.13829787234042554
78,826,81,0.8617021276595744,743,168,1.7872340425531914,184.0,509,289,1.9574468085106382,5.457446808510638,19820.224954046465,417,2.372340425531915,0.13829787234042554
79,833,82,0.8723404255319149,749,169,1.797872340425532,187.0,514,289,1.9574468085106382,5.5,19978.401868977628,421,2.372340425531915,0.13829787234042554
80,837,81,0.8617021276595744,754,171,1.8191489361702127,189.0,518,290,1.9574468085106382,5.542553191489362,19873.087887055,425,2.372340425531915,0.13829787234042554
Years Elapsed,Cumulative Out-Migrants,Instant Out-Migrants,Average Out-Migrants,Total Re-Migrants,Instant Re-Migrants,Average Re-Migrants,Total Marriages,Total Births,Total Deaths,Average Laborers,Average Household Size,Average Income,Population,GTGP Parcels Per Household,Non-GTGP Parcels Per Household
0,103,80,0.851063829787234,21,21,0.22340425531914893,3.0,0,4,1.6382978723404256,3.0851063829787235,20041.99783435997,194,0.010638297872340425,2.5
1,113,81,0.8617021276595744,30,22,0.23404255319148937,4.0,0,6,1.6595744680851063,3.0531914893617023,20417.007404801796,191,1.4148936170212767,1.0957446808510638
2,121,83,0.8829787234042553,36,22,0.23404255319148937,6.0,0,9,1.6595744680851063,3.0,20528.98936607544,186,1.797872340425532,0.7127659574468085
3,124,81,0.8617021276595744,41,24,0.2553191489361702,7.0,20,10,1.6808510638297873,3.223404255319149,20167.639471861996,207,1.9361702127659575,0.574468085106383
4,135,80,0.851063829787234,53,29,0.30851063829787234,9.0,24,12,1.702127659574468,3.25531914893617,20129.477118441435,210,2.0425531914893615,0.46808510638297873
5,148,83,0.8829787234042553,63,30,0.3191489361702128,9.0,28,17,1.6808510638297873,3.2127659574468086,20363.678468347163,206,2.1382978723404253,0.3723404255319149
6,155,80,0.851063829787234,73,34,0.3617021276595745,11.0,30,21,1.7127659574468086,3.223404255319149,20013.75226409145,207,2.148936170212766,0.3617021276595745
7,168,80,0.851063829787234,86,38,0.40425531914893614,14.0,36,24,1.7127659574468086,3.25531914893617,19903.667811345556,210,2.202127659574468,0.30851063829787234
8,178,82,0.8723404255319149,94,37,0.39361702127659576,15.0,38,26,1.702127659574468,3.234042553191489,19914.809985760246,208,2.234042553191489,0.2765957446808511
9,185,84,0.8936170212765957,99,37,0.39361702127659576,18.0,43,29,1.6914893617021276,3.234042553191489,20033.82096641961,208,2.24468085106383,0.26595744680851063
10,189,84,0.8936170212765957,103,38,0.40425531914893614,18.0,45,33,1.6914893617021276,3.2127659574468086,20425.62235943965,206,2.24468085106383,0.26595744680851063
11,195,82,0.8723404255319149,111,43,0.4574468085106383,19.0,54,36,1.702127659574468,3.297872340425532,19779.11867696872,214,2.25531914893617,0.2553191489361702
12,200,80,0.851063829787234,118,45,0.4787234042553192,19.0,58,38,1.7234042553191489,3.3404255319148937,19779.11867696872,218,2.265957446808511,0.24468085106382978
13,207,81,0.8617021276595744,124,44,0.46808510638297873,20.0,65,41,1.7127659574468086,3.372340425531915,20089.982846818042,221,2.2872340425531914,0.22340425531914893
14,215,80,0.851063829787234,133,47,0.5,20.0,70,43,1.7234042553191489,3.4148936170212765,19915.83623368962,225,2.297872340425532,0.2127659574468085
15,221,81,0.8617021276595744,138,47,0.5,20.0,74,47,1.7127659574468086,3.404255319148936,19915.83623368962,224,2.3085106382978724,0.20212765957446807
16,229,81,0.8617021276595744,146,47,0.5,20.0,79,50,1.7234042553191489,3.425531914893617,20234.68103598856,226,2.3085106382978724,0.20212765957446807
17,237,79,0.8404255319148937,156,51,0.5425531914893617,21.0,85,52,1.7234042553191489,3.4893617021276597,19930.540817848454,232,2.3191489361702127,0.19148936170212766
18,253,79,0.8404255319148937,172,55,0.5851063829787234,22.0,87,57,1.7127659574468086,3.4574468085106385,19876.267743141925,229,2.3191489361702127,0.19148936170212766
19,273,79,0.8404255319148937,192,58,0.6170212765957447,22.0,93,60,1.7127659574468086,3.4893617021276597,19973.424375066435,232,2.3191489361702127,0.19148936170212766
20,286,80,0.851063829787234,204,58,0.6170212765957447,25.0,94,61,1.702127659574468,3.478723404255319,19869.15773137372,231,2.3191489361702127,0.19148936170212766
21,295,80,0.851063829787234,213,59,0.6276595744680851,25.0,98,63,1.702127659574468,3.5,19869.15773137372,233,2.3297872340425534,0.18085106382978725
22,310,82,0.8723404255319149,226,59,0.6276595744680851,25.0,102,68,1.6808510638297873,3.4680851063829787,19939.928264776558,230,2.3297872340425534,0.18085106382978725
23,317,78,0.8297872340425532,237,65,0.6914893617021277,25.0,107,73,1.7234042553191489,3.5106382978723403,19907.410494224736,234,2.3297872340425534,0.18085106382978725
24,327,83,0.8829787234042553,242,60,0.6382978723404256,31.0,111,73,1.6808510638297873,3.5,20345.04905954993,233,2.3404255319148937,0.1702127659574468
25,336,81,0.8617021276595744,253,65,0.6914893617021277,32.0,118,75,1.702127659574468,3.574468085106383,19776.52553191489,240,2.3404255319148937,0.1702127659574468
26,349,81,0.8617021276595744,266,65,0.6914893617021277,34.0,122,76,1.702127659574468,3.606382978723404,20049.535309943596,243,2.351063829787234,0.1595744680851064
27,359,81,0.8617021276595744,276,66,0.7021276595744681,35.0,132,77,1.6914893617021276,3.702127659574468,19776.52553191489,252,2.351063829787234,0.1595744680851064
28,370,78,0.8297872340425532,290,70,0.7446808510638298,37.0,137,79,1.7234042553191489,3.765957446808511,19776.52553191489,258,2.351063829787234,0.1595744680851064
29,382,81,0.8617021276595744,299,69,0.7340425531914894,39.0,142,81,1.7127659574468086,3.765957446808511,20124.967330221047,258,2.3617021276595747,0.14893617021276595
30,395,81,0.8617021276595744,312,70,0.7446808510638298,42.0,146,86,1.702127659574468,3.75531914893617,20054.271589550262,257,2.3617021276595747,0.14893617021276595
31,401,80,0.851063829787234,319,75,0.7978723404255319,43.0,150,91,1.7127659574468086,3.75531914893617,20032.478707702394,257,2.372340425531915,0.13829787234042554
32,410,80,0.851063829787234,328,77,0.8191489361702128,47.0,155,93,1.7127659574468086,3.7872340425531914,20052.868883658484,260,2.372340425531915,0.13829787234042554
33,417,82,0.8723404255319149,333,74,0.7872340425531915,50.0,158,95,1.702127659574468,3.776595744680851,20308.77868546057,259,2.372340425531915,0.13829787234042554
34,423,81,0.8617021276595744,340,75,0.7978723404255319,53.0,160,96,1.702127659574468,3.797872340425532,19987.86862274357,261,2.372340425531915,0.13829787234042554
35,431,81,0.8617021276595744,348,76,0.8085106382978723,54.0,164,97,1.702127659574468,3.8297872340425534,20019.872175043798,264,2.372340425531915,0.13829787234042554
36,444,82,0.8723404255319149,360,77,0.8191489361702128,56.0,173,101,1.7127659574468086,3.872340425531915,20246.225587591976,268,2.372340425531915,0.13829787234042554
37,456,80,0.851063829787234,374,81,0.8617021276595744,57.0,179,106,1.7340425531914894,3.904255319148936,19879.33398436344,271,2.372340425531915,0.13829787234042554
38,471,81,0.8617021276595744,388,86,0.9148936170212766,60.0,182,113,1.7340425531914894,3.851063829787234,19776.52553191489,266,2.372340425531915,0.13829787234042554
39,482,79,0.8404255319148937,401,92,0.9787234042553191,61.0,197,119,1.7446808510638299,3.9680851063829787,20019.09516549745,277,2.382978723404255,0.1276595744680851
40,496,81,0.8617021276595744,413,91,0.9680851063829787,65.0,199,122,1.7234042553191489,3.9361702127659575,20393.222752257563,274,2.382978723404255,0.1276595744680851
41,505,80,0.851063829787234,423,93,0.9893617021276596,66.0,205,125,1.7340425531914894,3.978723404255319,20129.492328001492,278,2.382978723404255,0.1276595744680851
42,513,79,0.8404255319148937,432,95,1.0106382978723405,67.0,210,129,1.7340425531914894,4.0,20019.09516549745,280,2.382978723404255,0.1276595744680851
43,525,80,0.851063829787234,443,95,1.0106382978723405,70.0,215,132,1.7446808510638299,4.01063829787234,20440.008993930274,281,2.382978723404255,0.1276595744680851
44,539,80,0.851063829787234,457,96,1.0212765957446808,72.0,226,134,1.7446808510638299,4.1063829787234045,20296.044490599,290,2.393617021276596,0.11702127659574468
45,546,80,0.851063829787234,464,95,1.0106382978723405,73.0,232,136,1.7446808510638299,4.148936170212766,20296.044490599,294,2.393617021276596,0.11702127659574468
46,554,80,0.851063829787234,472,97,1.0319148936170213,76.0,240,138,1.7553191489361701,4.212765957446808,20163.11965938006,300,2.393617021276596,0.11702127659574468
47,568,80,0.851063829787234,486,99,1.053191489361702,76.0,247,143,1.7446808510638299,4.23404255319149,20019.09516549745,302,2.393617021276596,0.11702127659574468
48,577,82,0.8723404255319149,493,100,1.0638297872340425,80.0,251,151,1.7553191489361701,4.170212765957447,19793.814574966273,296,2.393617021276596,0.11702127659574468
49,580,80,0.851063829787234,498,103,1.0957446808510638,82.0,261,157,1.7659574468085106,4.23404255319149,20014.657754595915,302,2.393617021276596,0.11702127659574468
50,590,81,0.8617021276595744,507,102,1.0851063829787233,84.0,269,158,1.7553191489361701,4.297872340425532,20194.420365400692,308,2.393617021276596,0.11702127659574468
51,594,80,0.851063829787234,512,106,1.127659574468085,85.0,273,163,1.7765957446808511,4.297872340425532,20034.527711194005,308,2.393617021276596,0.11702127659574468
52,605,81,0.8617021276595744,522,107,1.1382978723404256,87.0,279,165,1.7765957446808511,4.329787234042553,20152.162540156,311,2.393617021276596,0.11702127659574468
53,609,81,0.8617021276595744,526,107,1.1382978723404256,89.0,289,168,1.797872340425532,4.404255319148936,19942.791470848,318,2.393617021276596,0.11702127659574468
54,618,80,0.851063829787234,536,110,1.1702127659574468,91.0,293,172,1.8085106382978724,4.414893617021277,19947.17542313462,319,2.404255319148936,0.10638297872340426
55,627,82,0.8723404255319149,543,110,1.1702127659574468,91.0,298,174,1.8085106382978724,4.425531914893617,19813.18143984381,320,2.404255319148936,0.10638297872340426
56,636,82,0.8723404255319149,552,110,1.1702127659574468,91.0,302,176,1.8085106382978724,4.446808510638298,19853.569263628495,322,2.404255319148936,0.10638297872340426
57,642,80,0.851063829787234,560,115,1.2234042553191489,96.0,307,180,1.8191489361702127,4.4787234042553195,19843.36378479802,325,2.404255319148936,0.10638297872340426
58,649,81,0.8617021276595744,566,117,1.2446808510638299,97.0,312,183,1.8085106382978724,4.48936170212766,20057.05228687726,326,2.404255319148936,0.10638297872340426
59,658,80,0.851063829787234,576,122,1.297872340425532,99.0,315,186,1.8297872340425532,4.5,19802.97596101334,327,2.404255319148936,0.10638297872340426
60,664,82,0.8723404255319149,580,123,1.3085106382978724,107.0,324,189,1.8191489361702127,4.542553191489362,20586.742930290962,331,2.404255319148936,0.10638297872340426
61,672,80,0.851063829787234,590,128,1.3617021276595744,108.0,329,193,1.8297872340425532,4.574468085106383,19802.97596101334,334,2.404255319148936,0.10638297872340426
62,681,80,0.851063829787234,599,128,1.3617021276595744,111.0,331,197,1.8404255319148937,4.553191489361702,19853.997625930533,332,2.404255319148936,0.10638297872340426
63,688,82,0.8723404255319149,604,129,1.372340425531915,113.0,340,199,1.8297872340425532,4.6063829787234045,20023.769506620174,337,2.404255319148936,0.10638297872340426
64,690,81,0.8617021276595744,607,129,1.372340425531915,114.0,347,202,1.8404255319148937,4.659574468085107,19866.82039461465,342,2.404255319148936,0.10638297872340426
65,694,82,0.8723404255319149,610,128,1.3617021276595744,121.0,351,205,1.8297872340425532,4.659574468085107,19866.82039461465,342,2.404255319148936,0.10638297872340426
66,701,80,0.851063829787234,619,135,1.4361702127659575,123.0,356,209,1.851063829787234,4.691489361702128,19950.186148885867,345,2.404255319148936,0.10638297872340426
67,708,81,0.8617021276595744,625,135,1.4361702127659575,124.0,360,211,1.8297872340425532,4.702127659574468,20165.158438428145,346,2.404255319148936,0.10638297872340426
68,716,82,0.8723404255319149,632,138,1.4680851063829787,126.0,364,216,1.851063829787234,4.680851063829787,20164.527600097135,344,2.404255319148936,0.10638297872340426
69,719,81,0.8617021276595744,636,139,1.4787234042553192,128.0,373,219,1.872340425531915,4.75531914893617,20209.593855082294,351,2.404255319148936,0.10638297872340426
70,724,80,0.851063829787234,642,143,1.5212765957446808,132.0,387,220,1.872340425531915,4.904255319148936,20049.44925153169,365,2.404255319148936,0.10638297872340426
71,732,81,0.8617021276595744,649,143,1.5212765957446808,137.0,395,221,1.851063829787234,4.968085106382978,20127.594319812746,371,2.404255319148936,0.10638297872340426
72,742,81,0.8617021276595744,659,143,1.5212765957446808,138.0,403,227,1.872340425531915,4.98936170212766,20005.924964747428,373,2.404255319148936,0.10638297872340426
73,748,81,0.8617021276595744,665,144,1.5319148936170213,142.0,415,235,1.8829787234042554,5.031914893617022,20005.924964747428,377,2.404255319148936,0.10638297872340426
74,750,82,0.8723404255319149,666,144,1.5319148936170213,147.0,418,238,1.8829787234042554,5.0212765957446805,20098.10972881265,376,2.404255319148936,0.10638297872340426
75,752,81,0.8617021276595744,669,145,1.5425531914893618,149.0,423,242,1.8829787234042554,5.042553191489362,19917.621182561892,378,2.404255319148936,0.10638297872340426
76,754,82,0.8723404255319149,670,145,1.5425531914893618,151.0,432,249,1.872340425531915,5.053191489361702,19917.621182561892,379,2.404255319148936,0.10638297872340426
77,758,81,0.8617021276595744,675,147,1.5638297872340425,153.0,437,251,1.8936170212765957,5.095744680851064,20097.369480238533,383,2.404255319148936,0.10638297872340426
78,762,82,0.8723404255319149,678,147,1.5638297872340425,154.0,440,255,1.8829787234042554,5.074468085106383,20015.995798568045,381,2.404255319148936,0.10638297872340426
79,764,81,0.8617021276595744,681,148,1.574468085106383,156.0,444,257,1.8936170212765957,5.1063829787234045,20005.52821799609,384,2.404255319148936,0.10638297872340426
80,771,81,0.8617021276595744,688,153,1.627659574468085,159.0,453,261,1.9042553191489362,5.159574468085107,20108.23810982654,389,2.404255319148936,0.10638297872340426
